language,wer
ruc,1.7444798778313506
rwm,2.0957262379758705
lke,1.467150120051579
ttj,1.1916015723011644
el-CY,0.793478455967425
pne,1.8620584092187276
tob,2.985483933811429
hch,2.6161722429919645
top,1.4001023685202645
aln,1.06840837687152
bxk,1.619875683343034
bew,0.6912805649998582
sco,0.4761004642679022
meh,1.1718768772578627
koo,1.6740641598707087
lth,0.9743245159543634
led,0.9877353602337499
kcn,1.0785553328192867
cgg,1.378817248403695
mmc,1.8009430974418814
ukv,1.0314233419670427
