{
    "0.0": 1.5805013808404682,
    "0.654941737651825": 3.9303279785581955,
    "0.04918358288705349": 1.2796455873212962,
    "0.3144702007994056": 1.0952796906249433,
    "0.9833387909457088": 1.3097394847576178,
    "0.7971439585089684": 2.232759612093405,
    "0.19933610746208996": 1.0832717392211841,
    "0.2609651720068677": 1.0869424816403854,
    "0.9184856698053963": 1.5212891358082479,
    "0.13684742339623113": 1.1275540416107617,
    "0.3981872327293083": 1.12791427073178
}