{
    "0.0": 0.9032938743215578,
    "0.6196807622909546": 0.9230213530710915,
    "0.168346194550395": 0.9013896747615143,
    "0.3241719249635935": 0.8103407972310577,
    "0.9034302411600947": 1.09947909025589,
    "0.8237831741571426": 1.0402259061573402,
    "0.3810495095349051": 0.8047962442450425,
    "0.3553362904040878": 0.8375022763460884,
    "0.4065607514274219": 0.7944577564185368,
    "0.424969088276564": 0.7974478350582741,
    "0.3942018437730494": 0.8155350120547993
}