{
    "0.0": 0.8565804516899684,
    "0.7539536356925964": 1.0416033718714988,
    "0.4812731146812439": 0.9577592934088403,
    "0.09140148106962442": 0.8686545264906292,
    "0.6770284147933125": 1.032704417938557,
    "0.6060608765110373": 1.0190136692780198,
    "0.19236786656297494": 0.8887091948836661,
    "0.03845557279795595": 0.8652027395229813,
    "0.060322721654100846": 0.8696807577283409,
    "0.01983224715022137": 0.8631209047749833
}