{
    "0.0": 0.5765536354323961,
    "0.9222028255462646": 0.570157087962087,
    "0.4669939363375306": 0.5911801489253286,
    "0.13425808772444725": 0.574006983309149,
    "0.7256952859461308": 0.6040463397144411,
    "0.5733665870502591": 0.5851946061021837,
    "0.9841953648713245": 0.5676009596975934,
    "0.0076159112337282585": 0.5743538348646086,
    "0.25373769420081194": 0.5659804358925071,
    "0.30106130264809555": 0.5726885843670009,
    "0.22767940259690095": 0.5700016923175748
}