{
    "0.0": 0.8404427932518772,
    "0.19267898797988892": 0.8791336454913425,
    "0.6064838049933314": 1.0684979222698199,
    "0.9861527271568775": 2.183010347551226,
    "0.3374850992113352": 0.881371977581053,
    "0.4390202835202217": 0.8693207616840861,
    "0.054625855803439": 0.8486833020421168,
    "0.02880493413079944": 0.8526583285531348,
    "0.07402235611362971": 0.847972050146505,
    "0.01519226343555616": 0.8399999890445098
}