{
    "0.0": 0.8665639045520076,
    "0.24288764595985413": 1.4487697178728496,
    "0.8313533999025822": 1.380617661363891,
    "0.7026966465637088": 2.465588938523169,
    "0.34810808952897787": 2.0391188900812014,
    "0.44702026061713696": 2.5015653808602156,
    "0.8864764980372403": 1.164418708522029,
    "0.08064092901999449": 0.9506296902656711,
    "1.0": 1.0268226275679815,
    "0.03830808560552591": 0.9183266492575676
}