{
    "0.0": 0.6871706762272665,
    "0.6856050491333008": 0.6979995757544764,
    "0.3724797572940588": 0.6739959088426947,
    "0.03760358411818743": 0.6878384647793793,
    "0.9745086692273617": 0.7124308792018721,
    "0.8111066352576017": 0.7022616479812976,
    "0.2770100772726519": 0.6778337745386402,
    "0.40576816934893406": 0.6752177008979668,
    "0.35427890229427184": 0.6740639232480287,
    "0.38444163370479767": 0.6742953372445885,
    "0.36300199693928026": 0.6741822396545485
}