{
    "0.0": 1.058182141070827,
    "0.31440791487693787": 0.9651054052167501,
    "0.918485845439136": 1.0840299348926667,
    "0.5734933791682124": 1.0023760135682214,
    "0.16230182070285082": 1.037105789217935,
    "0.0913981944322586": 1.094695655126723,
    "0.4163462000656814": 0.9802230726726184,
    "0.3330846350730933": 0.9654246037902723,
    "0.7233617284811709": 1.0880746659380358,
    "0.29759305980430617": 0.9904527283347739,
    "0.3671868727932132": 0.9718904531154617
}