{
    "0.0": 1.1002227588319233,
    "0.8164543509483337": 1.324475667242586,
    "0.22305541578680277": 0.982445104734428,
    "0.2562012365087867": 0.9884326276198855,
    "0.6623445125296712": 1.6630282258463154,
    "0.6012970898300409": 1.5513064687990927,
    "1.0": 1.230019654572485,
    "0.03208984501593133": 1.0356907355455207,
    "0.38036330076645053": 1.0118694503398542,
    "0.1371473932592159": 0.982831952555814,
    "0.3099660919042272": 0.994589773381494
}