{
    "0.0": 0.8572991317304195,
    "0.058667343109846115": 0.8581671043635442,
    "0.5415413677692413": 0.9112615955214601,
    "0.8417348954826593": 1.0113622465712861,
    "0.3236898249015212": 0.8781954244067609,
    "0.46599100064486265": 0.8965756849824242,
    "0.09045458581100724": 0.8667938976691459,
    "0.031177420395777256": 0.8714396897704384,
    "0.14972184850132456": 0.868023172762509,
    "0.11405548894666406": 0.8619355526711644
}