{
    "0.0": 0.9829570797886737,
    "0.7787894010543823": 1.764929722890732,
    "0.42946345265954733": 1.3320030056239665,
    "0.029293855652213097": 0.9881059174152975,
    "0.6789571167901158": 1.8405381367842013,
    "0.5758145051077008": 1.8161770932913104,
    "0.202166394306517": 1.0781183418925009,
    "1.0": 1.5835673088587592,
    "0.06363721056205805": 0.9814600826061247,
    "0.045189964428898145": 0.9660341577474444
}