{
    "0.0": 0.6384187183784531,
    "0.937483012676239": 1.0329489917962364,
    "0.18079667538404465": 0.6651629929381225,
    "0.36525503545999527": 0.7699916657074853,
    "0.6102147493511438": 0.9762013572063825,
    "0.7281409669667482": 1.0458614366290273,
    "0.06600853988663145": 0.6516251914777074,
    "0.03818865449837869": 0.6463240493082008,
    "0.0858960767532173": 0.6534341761712886,
    "0.021154147372743033": 0.6411322095552988
}