{
    "0.0": 0.9218343505091158,
    "0.05687370523810387": 0.9386968541605658,
    "0.9199861343950033": 1.0123632757581738,
    "0.5810448667034507": 0.9904339775513253,
    "0.4441554145887494": 1.0031084097967735,
    "0.3300766069442034": 0.9633413618152383,
    "0.16322239590401866": 0.9228768490206527,
    "0.18640525906018765": 0.9126819980942429,
    "0.20071449182709802": 0.9132539568739784,
    "0.2117959731788257": 0.9127400904629923,
    "0.7399618612456488": 0.9940678793215441
}