{
    "0.0": 0.5873297718383281,
    "0.9496439695358276": 1.0038022813688212,
    "0.34855561424046755": 0.7876930710705798,
    "0.2304887007921934": 0.713035196741776,
    "0.5669002654030919": 1.522296401011049,
    "0.7260838784277439": 1.3154593740717293,
    "0.06616311801287852": 0.6229884612543184,
    "0.02742450706974539": 0.6028637246872534,
    "0.01434375773506204": 0.5958054041837654,
    "0.04107081273922107": 0.6144640626976636
}