{
    "0.0": 0.8683842480407382,
    "0.00013176817446947098": 0.870440973735469,
    "0.8759637540206313": 1.0409039892314864,
    "0.7111504944041371": 1.0616524893360098,
    "0.3368300711736083": 0.7861148169664927,
    "0.45218562707304955": 0.8324477485886974,
    "0.2622921648788445": 0.7851080275891879,
    "0.30634347911052556": 0.7771425702500814,
    "0.3209590122589892": 0.7847335987734728,
    "0.2896116017189581": 0.7859111358329183,
    "0.2796694459460003": 0.8040617971285322
}