{
    "0.0": 1.0010701836784743,
    "0.8162861466407776": 1.1901999862279862,
    "0.2149550151079893": 0.9565302246749331,
    "0.45302329678088427": 1.0187782743892722,
    "0.578220259398222": 0.9650488949921384,
    "0.7003347752615809": 1.0632146232555755,
    "0.10041416494467922": 0.9751017884224337,
    "0.17270564072704372": 0.954310982584198,
    "0.191063835496024": 0.9499591285672269,
    "1.0": 1.0408410660976737
}