{
    "0.0": 0.5071934833443107,
    "0.47921258211135864": 0.5418737877867735,
    "0.5432163113728166": 0.5704289488387152,
    "0.919072506017983": 1.0894847773273835,
    "0.10531237348914146": 0.4968084263186517,
    "0.15476996824145317": 0.5004525571519124,
    "0.1924924628955456": 0.5013350169970799,
    "0.13276770193398701": 0.5005581616100576,
    "0.17401451018692343": 0.49882962586448665,
    "0.2766874215962662": 0.510799468854874
}