{
    "0.0": 0.9312510591425182,
    "0.6314173340797424": 1.5936797435462915,
    "0.4743972346186638": 1.4715761452861098,
    "0.046320004388689995": 0.9297611986668926,
    "0.8244195822626352": 1.0311493814607693,
    "0.8926181076094508": 1.0108540925266902,
    "0.1745139079856432": 0.7705494831384511,
    "0.24122209892237262": 0.7672717900920747,
    "0.2082390393717298": 0.7648054002146529,
    "0.22281533663296768": 0.765147150200531,
    "0.19560311499414046": 0.7625218889453765
}