{
    "0.0": 0.8828963765542223,
    "0.8424538969993591": 0.9766785370405133,
    "0.4349255971610546": 0.8613994526270012,
    "0.18202693480998278": 0.8490191707991687,
    "0.5874800272285938": 0.9004056511276498,
    "0.6657608253881335": 0.9279478725401465,
    "0.2737778089878346": 0.8852501692769824,
    "0.09543838800135114": 0.8701395693042719,
    "0.4829746383977078": 0.8755437679059979,
    "0.16388092548958372": 0.8646167181786679
}