{
    "0.0": 1.0509438056502018,
    "0.41621890664100647": 1.2135381476125175,
    "0.6526958486065269": 2.0013801834490788,
    "0.7821161868050694": 1.6969694927862633,
    "0.022011117078363895": 1.0947792315078737,
    "0.16935696452856064": 1.0804154872368212,
    "0.29490287035746976": 1.1045826036248814,
    "1.0": 1.1036265921509671,
    "0.09338605944221878": 1.0822654458396124,
    "0.9550051455664664": 1.0917190715383611,
    "0.2141301106640463": 1.0793985256490588
}