{
    "0.0": 0.7450604870628988,
    "0.9909055829048157": 1.7532230974137935,
    "0.39365329220891": 0.7535300366335986,
    "0.0721737677231431": 0.732065450290155,
    "0.5432807095348835": 0.8460450063611207,
    "0.7340450203046203": 1.4494884003617903,
    "0.19118225929273056": 0.7186510230261945,
    "0.11978677267512314": 0.7224106822777939,
    "0.3137199318761473": 0.7275660536333451,
    "0.2271035699309119": 0.7178217797871459
}