{
    "0.0": 0.6141191283371226,
    "0.5378046035766602": 1.4271878074285869,
    "0.16085084434598684": 0.6483921905673733,
    "0.35033724643290043": 0.929678848058998,
    "0.9733833465725183": 1.1070871870842853,
    "0.8329791501164436": 2.1111113345614476,
    "0.2321638901620963": 0.7298373510670161,
    "0.07394368669481698": 0.6320337790576105,
    "0.04086891088882285": 0.6141837984284813,
    "0.09666416579221541": 0.6258624353105889
}