{
    "0.0": 0.678912861855229,
    "0.8816125988960266": 0.9857944632259945,
    "0.4711023475974798": 0.737308182212326,
    "0.1897033704444766": 0.6981084617974355,
    "0.6630107499659061": 0.8420332477715189,
    "0.6149974381551147": 0.81669742599845,
    "0.27326793416719586": 0.697431613529494,
    "0.06494365901036936": 0.6860153512880353,
    "0.11535103427102368": 0.6947013426889589,
    "0.020651425767446822": 0.6817865672515588
}