{
    "0.0": 0.8097987751531058,
    "0.23307868838310242": 0.9145231846019247,
    "0.27333997236564755": 0.9554680664916886,
    "0.4407017813064158": 1.0327209098862642,
    "0.056690496392548084": 0.7958005249343832,
    "0.11715736472979188": 0.8087489063867017,
    "0.06687248771685515": 0.7960629921259843,
    "0.04947434040650331": 0.7973753280839895,
    "0.06166533159405762": 0.7955380577427822,
    "0.06415521154641385": 0.7958880139982503
}