{
    "0.0": 0.8330708661417323,
    "0.9930199980735779": 1.095275590551181,
    "0.4995403569191694": 1.0615923009623798,
    "0.01329097244888544": 0.8268591426071741,
    "0.5105041852220893": 1.063867016622922,
    "0.6423926614224911": 1.0744531933508312,
    "0.07657745711069251": 0.8274715660542432,
    "0.045758839133047916": 0.8153980752405949,
    "0.1005339840567872": 0.8412073490813649,
    "0.029867759132155475": 0.8194225721784777
}