{
    "0.0": 0.8354330708661417,
    "0.4229608178138733": 1.0489938757655293,
    "0.20098217204213142": 0.9545931758530184,
    "0.10193316685035825": 0.8412073490813649,
    "0.27021713741123676": 1.0125109361329834,
    "0.3144870903342962": 1.0255468066491689,
    "0.025546137180700836": 0.8267716535433071,
    "0.05199157327420563": 0.8212598425196851,
    "0.04299753235902507": 0.8233595800524934,
    "0.058216771260613046": 0.8218722659667541,
    "0.047938263483119394": 0.8213473315835521
}