{
    "0.0": 0.8097987751531058,
    "0.030171070247888565": 0.8002624671916011,
    "0.4021269395016134": 1.0247594050743658,
    "0.3551626610569656": 1.0095363079615047,
    "0.2329626465216279": 0.9143482064741907,
    "0.12867166986688972": 0.8147856517935258,
    "0.0641511365394166": 0.7958880139982503,
    "0.05107007604005061": 0.7965004374453193,
    "0.07223053731549994": 0.7962379702537182,
    "0.0586823635119085": 0.7961504811898513,
    "0.06780410353538106": 0.7959755030621173
}