{
    "0.0": 0.8361539638068252,
    "0.8284739851951599": 1.0982567428005159,
    "0.14202438201755285": 0.8802703877067408,
    "0.3921044496819377": 1.0555317085526703,
    "0.5788210676982999": 1.0823467531235718,
    "0.6324001345783472": 1.0895705335902623,
    "0.01770228815097378": 0.8249691183741376,
    "0.0339807150839999": 0.8203142274368791,
    "0.00891507224044641": 0.8311984772237183,
    "0.02513797933342708": 0.824145470633104
}