{
    "0.0": 0.7129876030375804,
    "0.21284377574920654": 0.6881287726358148,
    "0.31785302609205246": 0.6868306613876809,
    "0.49625456100329757": 0.7238268319594989,
    "0.09437113534659147": 0.7140909975984941,
    "0.03894097963348031": 0.7252547543324462,
    "0.26990945407600936": 0.6691114428506523,
    "0.26116354655453594": 0.6676186149152983,
    "0.4077449807435854": 0.7081845914194846,
    "0.25641723705481706": 0.6701499318491595,
    "0.2657278551624348": 0.6693061595378724
}