{
    "0.0": 0.7129876030375804,
    "0.24459853768348694": 0.67819822158759,
    "0.48230425687506795": 0.7214253261504511,
    "0.2813127255067229": 0.6728759654702408,
    "0.05423477338626981": 0.7064321412345038,
    "0.1099056308157742": 0.6852729278899201,
    "0.33031861230381243": 0.693710651002791,
    "0.16113185996989138": 0.6786525605244369,
    "0.27221915291237153": 0.669825404037126,
    "0.40173597221269736": 0.704874407736743,
    "0.21920669834338105": 0.6874797170117479
}