{
    "0.0": 0.7000388048117967,
    "0.3591102063655853": 0.6896908549993532,
    "0.07466364232823253": 0.6584529815030397,
    "0.16921197436749935": 0.6508213685163627,
    "0.38920524483546615": 0.6871038675462424,
    "0.4632284129038453": 0.7135558142543008,
    "0.13116014142556198": 0.659229077738973,
    "0.2067624195022997": 0.6631095589186392,
    "0.17663347547743286": 0.65554262061829,
    "0.27486896660469756": 0.6560600181089121
}