{
    "0.0": 0.5224514563106796,
    "0.08056782931089401": 0.49029126213592233,
    "0.49160848231986165": 0.816747572815534,
    "0.3174060359597206": 0.6591322815533981,
    "0.21965979132801294": 0.5719053398058253,
    "0.18549306876957417": 0.5602245145631068,
    "0.053297436064029854": 0.5048543689320388,
    "0.0673577872195945": 0.5037924757281553,
    "0.035846669200369864": 0.5104672330097088,
    "0.08711867542425678": 0.49211165048543687
}