{
    "0.0": 0.5224514563106796,
    "0.3779987394809723": 0.7243628640776699,
    "0.17261719517409801": 0.5491504854368932,
    "0.06514171976596117": 0.5034890776699029,
    "0.3607333367690444": 0.7049453883495146,
    "0.3062232220545411": 0.6489684466019418,
    "0.04499691262859911": 0.511377427184466,
    "0.07762210514681732": 0.5022754854368932,
    "0.05605581433894718": 0.5056128640776699,
    "0.070655856903238": 0.5030339805825242
}