{
    "0.0": 0.5330703883495146,
    "0.30031493306159973": 0.6648968446601942,
    "0.14450137177482247": 0.5488470873786407,
    "0.07739746430888772": 0.5310983009708737,
    "0.48362993309274316": 0.8062803398058253,
    "0.3966549136675894": 0.7377123786407767,
    "0.04324791023432673": 0.5216929611650486,
    "0.0242918931888756": 0.5212378640776699,
    "0.05526693113175697": 0.5245752427184466,
    "0.03413780479181449": 0.5204793689320388
}