{
    "0.0": 0.5329186893203883,
    "0.16032497584819794": 0.5585558252427184,
    "0.6025011874735355": 0.8658980582524272,
    "0.8843449288979173": 0.939623786407767,
    "0.3176712840795517": 0.6817354368932039,
    "0.47220161091536283": 0.7965716019417476,
    "0.03998479550008446": 0.5201759708737864,
    "0.058532798879497486": 0.5256371359223301,
    "0.023710089882870645": 0.521996359223301,
    "0.04832922096800837": 0.5216929611650486
}