{
    "0.0": 0.7422087088717559,
    "0.1620049774646759": 0.668422195678141,
    "0.4437165539711714": 0.7612118579650342,
    "0.2819770146161318": 0.686610924095993,
    "0.06545861577615142": 0.692637637094147,
    "0.007624036632478237": 0.7329786078835921,
    "0.20813266435038805": 0.6815072211966554,
    "0.13382639907075985": 0.6708654577044196,
    "0.1436907822082619": 0.6779780649364752,
    "0.12519255669527654": 0.6693995004886524,
    "0.15101779470060409": 0.6774351178195244
}