{
    "0.0": 0.7195776354509261,
    "0.16770409047603607": 0.693497201546362,
    "0.4980835998430848": 0.7572557844325197,
    "0.2658676141873002": 0.7007097109226242,
    "0.06791936652734876": 0.7020368126478564,
    "0.054458402562886477": 0.7074606196988056,
    "0.14331084369136843": 0.6951128036466447,
    "0.18442315704277787": 0.7004789106225838,
    "0.34363446739869347": 0.7314638509030061,
    "0.1999733982157575": 0.6954590040967054,
    "0.12366863936996765": 0.695285903871675
}