{
    "0.0": 0.7195776354509261,
    "0.20430351793766022": 0.6954590040967054,
    "0.38937221141532063": 0.7266747446771681,
    "0.35245290910825133": 0.7276556459523398,
    "0.0541154770180583": 0.7085569211239975,
    "0.10127185098826885": 0.6895735964456754,
    "0.14178889163467284": 0.6954590040967054,
    "0.16017758081480038": 0.69228549997115,
    "0.5": 0.7571403842824995,
    "0.12979611558141324": 0.6922277998961399,
    "0.15049824817921004": 0.6892850960706249
}