{
    "0.0": 0.7074307621613641,
    "0.27247148752212524": 0.7190772640480555,
    "0.9828871116042137": 0.9404161982195071,
    "0.6661608582362533": 0.875039459818953,
    "0.08140998892486095": 0.6902103506919322,
    "0.16178300697356462": 0.6777883685574377,
    "0.12266513664815333": 0.6710153977366637,
    "0.13812367928001246": 0.6772939667414916,
    "0.10999747186136175": 0.6758951429906244,
    "0.14841971578116006": 0.6774839896678433
}