{
    "0.0": 0.7190155807365439,
    "0.1888212412595749": 0.7740793201133145,
    "0.4960217410698533": 1.0798512747875355,
    "0.2925444352440536": 0.8964235127478754,
    "0.0167522463016212": 0.7105169971671388,
    "0.11941266851499677": 0.7310552407932012,
    "0.05372143747453222": 0.7117563739376771,
    "0.03953258125015747": 0.7241501416430595,
    "0.06424904754162394": 0.7237960339943342,
    "0.029457971308392564": 0.7020184135977338
}