{
    "0.0": 0.8273725212464589,
    "0.15195205807685852": 0.8668555240793201,
    "0.46731665823608637": 1.5069050991501416,
    "0.3194015100598335": 1.3927053824362605,
    "0.0019536474719643593": 0.7600920679886686,
    "0.07753128418698907": 0.7498229461756374,
    "0.04769231851830244": 0.7379603399433428,
    "0.033931448152705906": 0.7423866855524079,
    "0.056655954943526765": 0.7393767705382436,
    "0.04228760700444321": 0.7374291784702549,
    "0.050990837846725645": 0.7252124645892352
}