{
    "0.0": 0.8273725212464589,
    "0.34269118309020996": 1.4323654390934843,
    "0.11790161160752177": 0.7873583569405099,
    "0.23644707072526217": 1.0764872521246458,
    "0.45733042946085334": 1.4922096317280453,
    "0.39264929480850697": 1.467599150141643,
    "0.013351766330011085": 0.7319405099150141,
    "0.05461112563112686": 0.7315864022662889,
    "0.07324787917269483": 0.7572592067988668,
    "0.064727633207585": 0.7455736543909348
}