{
    "0.0": 0.6564128638617007,
    "0.38847291469573975": 0.7983983729502987,
    "0.11033316003158689": 0.6301004194737511,
    "0.23334710858762264": 0.7002669378416169,
    "0.2692966372705996": 0.7245455701029617,
    "0.3565730769187212": 0.7849243676115418,
    "0.004359820890162641": 0.656285750603788,
    "0.08977644002536839": 0.6318800050845303,
    "0.09792590450452765": 0.6227278505148087,
    "0.0816777751130987": 0.6500572009660608,
    "0.06990425350539761": 0.642938858522944
}