{
    "0.0": 0.6864837398373984,
    "0.14517179131507874": 0.6453252032520326,
    "0.25871091010048985": 0.6792428861788617,
    "0.43289661267772317": 0.7944613821138211,
    "0.03810630273073912": 0.6628556910569106,
    "0.12046057498082519": 0.6387195121951219,
    "0.13201937763913743": 0.6326219512195121,
    "0.11041090798449765": 0.6392276422764228,
    "0.1544735413735902": 0.6421493902439024,
    "0.12613656365585937": 0.6375762195121951,
    "0.11540714503676192": 0.6403709349593496
}