{
    "0.0": 0.6921507618126194,
    "0.04913448914885521": 0.6091767451197412,
    "0.6125187631696463": 0.8780700825563663,
    "0.9944836543872952": 1.1114042990599398,
    "0.43280693143606186": 0.7716634141606944,
    "0.35801634564995766": 0.6997860154710005,
    "0.1608258890782491": 0.6223931237693267,
    "0.12770076690105367": 0.6136991658754055,
    "0.14491096097643752": 0.6213140616977308,
    "0.17733091185847738": 0.6199484352106669
}