{
    "0.0": 0.6564128638617007,
    "0.19883808493614197": 0.679801703317656,
    "0.4472987917251885": 0.8206431930850387,
    "0.2771416548639536": 0.730138553451125,
    "0.02575495420023799": 0.6456082369391127,
    "0.12316193338483572": 0.6618787339519512,
    "0.0606248393525952": 0.630863099021228,
    "0.07721947737723268": 0.6414134994279903,
    "0.04932622659718292": 0.6604804881149103,
    "0.08847361137007433": 0.6407779331384263
}