{
    "0.0": 0.6637061568568418,
    "0.055383604019880295": 0.6564805057955743,
    "0.3410897287540138": 0.7168447990365798,
    "0.478433296084404": 0.8047568869486678,
    "0.13682057708501816": 0.6442119524311305,
    "0.22852504951879382": 0.6657383712178233,
    "0.11649091898879291": 0.65023332831552,
    "0.1481961314604245": 0.6475237091675448,
    "0.12768680809510258": 0.6463947011892217,
    "0.14184288513529617": 0.6465452355863315,
    "0.1323355917485443": 0.6453409604094535
}