{
    "0.0": 0.6860082592566669,
    "0.7600853443145752": 1.0334569888710017,
    "0.2204532278701663": 0.6983971442570168,
    "0.4234833875671029": 0.8084972352488276,
    "0.5881655653938651": 0.9413452789248967,
    "0.6995972162112594": 0.9984601385875271,
    "0.040650612703687014": 0.6710296073353398,
    "0.0953379265673187": 0.6691397774200322,
    "0.0748463590909296": 0.6723594876461119,
    "0.11050767168972865": 0.6822985931266186
}