{
    "0.0": 0.770213086133459,
    "0.9927362203598022": 1.2158034453481301,
    "0.05183022003620863": 0.7576820952348123,
    "0.47054541762918234": 1.0165522114884609,
    "0.543256925418973": 0.9905522699702359,
    "0.7020690217614174": 1.1686805754488434,
    "0.13207454489946951": 0.765336730835785,
    "0.08003252910269194": 0.7642087664335735,
    "0.18201065490393206": 0.7739613502481347,
    "0.10854389414135143": 0.7621620191607271
}