{
    "0.0": 0.6648701616854483,
    "0.439643919467926": 0.8096171344578987,
    "0.14134506648406386": 0.6509414152726255,
    "0.013829383999109268": 0.659900608945195,
    "0.34048289246857166": 0.7361237488626023,
    "0.27259520813822746": 0.6929376356127949,
    "0.1071812575078672": 0.6550710436060755,
    "0.08565466612632522": 0.6486316231539161,
    "0.12242371801262801": 0.6540911317981382,
    "0.09811831579505599": 0.6479316861482467,
    "0.07305719287321163": 0.655630993210611
}