{
    "0.0": 0.6637061568568418,
    "0.11285668611526489": 0.6517386722866175,
    "0.3906663991510868": 0.7425861809423453,
    "0.33579879021272063": 0.7131567063073913,
    "0.17603222699835896": 0.6539214210447087,
    "0.20333280181512237": 0.6605449345175373,
    "0.13308841961227935": 0.6461688995935572,
    "0.12247824661973354": 0.6494806563299714,
    "0.10350431657029982": 0.6521902754779467,
    "0.5": 0.8155200963420142
}