{
    "0.0": 0.7671184650589685,
    "0.4414527118206024": 0.8813589156838585,
    "0.09650212107226253": 0.7099102270726985,
    "0.1618332676589489": 0.7141348354163,
    "0.25333691760897636": 0.7329695476148566,
    "0.3435736922547221": 0.8002112304171801,
    "0.14500042646398392": 0.7116704805491991,
    "0.12013835577877005": 0.7116704805491991,
    "0.10977314038710188": 0.7127266326350995,
    "0.12995808731365333": 0.7099102270726985
}