{
    "0.0": 0.7671184650589685,
    "0.2512701451778412": 0.7336736490054568,
    "0.11367942299693823": 0.7134307340256997,
    "0.13641459867358208": 0.7100862524203485,
    "0.4986145901493728": 0.9100510473508185,
    "0.4263920905068517": 0.8704453441295547,
    "0.1638578836235277": 0.7134307340256997,
    "0.15304338142963386": 0.71431086076395,
    "0.17149093306115595": 0.7151909875022003,
    "0.12690126130919885": 0.7102622777679986
}