{
    "0.0": 0.760386586882429,
    "0.541131854057312": 1.0492518865012292,
    "0.2744210930541158": 0.790349208064889,
    "0.1915240501984954": 0.741373735611803,
    "0.9912157217040658": 1.198457940519197,
    "0.8571219881996512": 1.263406795624274,
    "0.1173129158292216": 0.724655714375602,
    "0.09127358657486123": 0.722845472137286,
    "0.13616578049980527": 0.7208007748835055,
    "0.10608629105618658": 0.7246488608174672
}