{
    "0.0": 0.7407146629114593,
    "0.040187206119298935": 0.7245203309276536,
    "0.41336020454764366": 0.9162119345185706,
    "0.2844587112776935": 0.7907058616440767,
    "0.16909820679575205": 0.7194155958458018,
    "0.2429534299299121": 0.7597254004576659,
    "0.11452927514460524": 0.7148389368069001,
    "0.12502058782563738": 0.7167752156310508,
    "0.10447830267117886": 0.7162471395881007,
    "0.11967952278348662": 0.7155430381975004,
    "0.133631578109349": 0.7139588100686499
}