{
    "0.0": 0.6019335748176113,
    "0.16816973686218262": 0.6158104178358247,
    "0.3616646467708051": 0.784806897607265,
    "0.48177996603772044": 0.9232437120555074,
    "0.05003026407212019": 0.5961175450232131,
    "0.08990904781967402": 0.5954288046528239,
    "0.07121815859434519": 0.5948676087954696,
    "0.06179827642890016": 0.5961685628284271,
    "0.07890552165104335": 0.5952502423345748,
    "0.06690496000639982": 0.5950461711137187
}