{
    "0.0": 0.6802969236263456,
    "0.36934298276901245": 0.9643385541554003,
    "0.21002618269994855": 0.8021784602826386,
    "0.01679117325693369": 0.6746084383449824,
    "0.4336763243190944": 0.9855109433192184,
    "0.488179718144238": 0.9994388041426457,
    "0.03778975371477715": 0.6706800673435028,
    "0.04941779657468417": 0.6708841385643589,
    "0.028454433135670344": 0.6717769501556043,
    "0.04341997774976802": 0.6704759961226469
}