{
    "0.0": 0.6761216660488282,
    "0.8484358191490173": 1.0434397074333457,
    "0.4952535517513752": 1.018924478107587,
    "0.006208905950188637": 0.672263253680366,
    "0.650101725012064": 1.034567102227991,
    "0.6105349771678448": 1.0306520067307454,
    "0.04774931858370779": 0.6621035698990706,
    "0.08493490923306925": 0.665287856671777,
    "0.06464544573136226": 0.6629426405749473,
    "0.055842113965997885": 0.66214637238517
}