{
    "0.0": 0.6019335748176113,
    "0.2760358452796936": 0.6860874445181369,
    "0.1435488909482956": 0.608667925105862,
    "0.07669474510475993": 0.5951482067241467,
    "0.4442073362879455": 0.886000714249273,
    "0.41818548226729035": 0.8578899035763482,
    "0.052617810002027435": 0.5960920361206061,
    "0.09544280944349508": 0.5954798224580379,
    "0.06552977627502772": 0.5951737156267537,
    "0.03729889848120424": 0.5964491607571042
}