{
    "0.0": 0.6450363196125908,
    "0.14927701652050018": 0.6447941888619855,
    "0.2515796232037246": 0.6628329297820823,
    "0.46027336176484823": 0.7753026634382567,
    "0.0762477251701057": 0.6323244552058112,
    "0.011262983549386263": 0.6462469733656174,
    "0.08704126158266626": 0.6194915254237288,
    "0.10625143464536607": 0.6291767554479419,
    "0.33700762555226094": 0.7016949152542373,
    "0.06590020805110787": 0.6336561743341405,
    "0.09540423880134011": 0.6354721549636804
}