{
    "0.0": 0.6450363196125908,
    "0.07925835996866226": 0.624455205811138,
    "0.3660743017680943": 0.7285714285714285,
    "0.4645843203179538": 0.7806295399515738,
    "0.24639430362731218": 0.6513317191283293,
    "0.1847050366923213": 0.6346246973365618,
    "0.12310060928771033": 0.62409200968523,
    "0.11110680007465544": 0.6341404358353511,
    "0.13735740412122702": 0.637409200968523,
    "0.09792694973323872": 0.6302663438256658
}