{
    "0.0": 0.9832335637435667,
    "0.6433511972427368": 0.9074791653004918,
    "0.09771149046719074": 0.7918698115148314,
    "0.39301307033747435": 0.7535756895756014,
    "0.8483537267893553": 1.110030363959334,
    "0.9003387363627553": 1.1728908283733797,
    "0.30713156952141646": 0.7024369504576488,
    "0.276674011055776": 0.7134415900455775,
    "0.3301202347328682": 0.7359612879404966,
    "0.29286100927480396": 0.6997856525522806,
    "0.24914292865842863": 0.724994062800369
}