{
    "0.0": 0.7066585956416465,
    "0.2977878749370575": 0.7059322033898305,
    "0.023822437040507793": 0.6888619854721549,
    "0.15813052793964744": 0.6807506053268765,
    "0.3841833649203181": 0.7423728813559322,
    "0.4639643174596131": 0.7920096852300242,
    "0.11685444864564078": 0.6685230024213075,
    "0.09452479956025102": 0.6708232445520581,
    "0.10346276382537768": 0.6855932203389831,
    "0.13813647237319007": 0.673365617433414,
    "0.1278374515099025": 0.6766343825665859
}