{
    "0.0": 0.9627599243856333,
    "0.30715060234069824": 1.3841209829867676,
    "0.10847788723185658": 1.2839319470699433,
    "0.14956923900172114": 1.4553875236294895,
    "0.44992753909900784": 1.1911153119092628,
    "0.41766054136678576": 1.2495274102079394,
    "0.4774521622212015": 1.154820415879017,
    "0.04814743294562219": 1.0568998109640833,
    "0.010378892885002482": 0.999054820415879,
    "0.004923447896913179": 0.9767485822306238
}