{
    "0.0": 0.9627599243856333,
    "0.1739477813243866": 1.4724007561436674,
    "0.34550820803269744": 1.4069943289224953,
    "0.4698742190375924": 1.149149338374291,
    "0.04976295866072178": 1.0506616257088848,
    "0.11510656354948878": 1.346124763705104,
    "0.009878070532461843": 0.9994328922495274,
    "0.020845969792709147": 1.0064272211720227,
    "0.5": 1.173913043478261,
    "0.005133996605494276": 0.9809073724007561
}