{
    "0.0": 0.8692118692118692,
    "0.2707080841064453": 1.0635040635040636,
    "0.050389901734888554": 0.8637308637308637,
    "0.12553345505148172": 0.9107919107919108,
    "0.41225721407681704": 1.1116991116991117,
    "0.47415338503196836": 1.0824040824040824,
    "0.02789456305895381": 0.8540918540918541,
    "0.01585411673043033": 0.8656208656208656,
    "0.037355643339708575": 0.8578718578718578,
    "0.02228586270461054": 0.865998865998866
}