{
    "0.0": 0.41646115906288533,
    "0.030500106513500214": 0.4166666666666667,
    "0.3595372107811272": 0.5928894369091656,
    "0.4841912821866572": 0.7546239210850801,
    "0.12584770238026977": 0.4129675297986026,
    "0.22636433318257332": 0.4614673242909988,
    "0.08908699263148602": 0.4127620221948212,
    "0.06892130441097584": 0.4140978216193999,
    "0.10194600290732142": 0.40988491574188246,
    "0.08024217534843243": 0.4107069461570078,
    "0.09460921741187113": 0.4113234689683518
}