{
    "0.0": 0.41646115906288533,
    "0.30294814705848694": 0.5207562679819153,
    "0.15778197115287185": 0.41944101931771477,
    "0.12141305254772305": 0.40844636251541305,
    "0.4804464136250317": 0.7809288943690916,
    "0.41199435014277697": 0.6688244965063708,
    "0.07938733804191918": 0.4103986847513358,
    "0.0976905288247472": 0.40793259350595973,
    "0.06040377330181582": 0.41050143855322646,
    "0.040723489918671855": 0.41430332922318125
}