{
    "0.0": 0.44145892930118513,
    "0.19061432778835297": 0.4608704536166735,
    "0.4266265071928501": 0.7298733142623621,
    "0.3325739614665508": 0.5814262362076011,
    "0.034560082480311394": 0.43226399673069066,
    "0.08420089771971107": 0.43338782182263996,
    "0.0601586210916034": 0.43134450347364117,
    "0.04841835116627729": 0.43022067838169187,
    "0.0710511643535667": 0.4328769922353903,
    "0.0655292002898904": 0.431651001225991
}