{
    "0.0": 0.43440948099713933,
    "0.6704363226890564": 0.9307315079689416,
    "0.03243830520659685": 0.4253167143440948,
    "0.39451394975185394": 0.661626481405803,
    "0.7776266885921359": 0.9523906824683286,
    "0.9609028175473213": 1.0124642419288925,
    "0.06364359330127561": 0.4244993870044953,
    "0.016439971629522952": 0.43246832856559053,
    "0.08483664597618129": 0.4271557008581937,
    "0.048561744007422955": 0.4247037188393952
}