{
    "0.0": 0.768406551354661,
    "0.44959867000579834": 1.1908770855655901,
    "0.7828399613499641": 1.463186897290678,
    "0.5350119238719344": 1.3050665850298484,
    "0.2012691218405962": 0.765345170671973,
    "0.09397508576512337": 0.7405479871422012,
    "0.11637600793911645": 0.7310577070258687,
    "0.07401567890301515": 0.7188121842951171,
    "0.10413871136956489": 0.738558089698454,
    "0.08507701070126457": 0.7391703658349916
}