{
    "0.0": 0.7455992652686362,
    "0.34580114483833313": 1.2352671054645645,
    "0.10797823965549469": 0.8003979794887495,
    "0.24593464378267527": 1.076381448033063,
    "0.49157003266736865": 1.2300627583039951,
    "0.4130962900817394": 1.234348691259758,
    "0.015075862033320465": 0.7350375019133629,
    "0.034489232811963415": 0.8008571865911526,
    "0.04827705017252917": 0.8596356956987602,
    "0.07486523095345758": 0.7892239399969386
}