{
    "0.0": 0.7452931272003673,
    "0.2044447660446167": 0.749425991121996,
    "0.4037523027509451": 0.9770396448798409,
    "0.26409584376960993": 0.8284096127353436,
    "0.0647273426875472": 0.698607071789377,
    "0.026586482301354408": 0.7074850757691719,
    "0.09645971064649048": 0.7217204959436706,
    "0.0510311202947852": 0.721873564977805,
    "0.1095258254870259": 0.7159038726465636,
    "0.08076392281405677": 0.7165161487831012
}