{
    "0.0": 0.7455992652686362,
    "0.2240099310874939": 1.0359712230215827,
    "0.3673722459934652": 1.260676565130874,
    "0.38733668299391866": 1.2603704270626053,
    "0.01752962777391076": 0.7482014388489209,
    "0.07239453354850411": 0.7962651155671208,
    "0.00881893405426561": 0.7616715138527476,
    "0.025257611043104578": 0.7523343027705495
}