{
    "0.0": 0.423551851231293,
    "0.7475393414497375": 0.8751185155103881,
    "0.44635697454214096": 0.684383156671067,
    "0.013037025928497314": 0.42059337760056315,
    "0.8058573435992002": 0.8905351350582558,
    "0.9906256478279829": 0.9760063947826292
}