{
    "0.0": 0.4452621895124195,
    "0.4023112654685974": 0.6621106584308056,
    "0.08926355326548219": 0.43829675384413197,
    "0.23377332650125027": 0.4881061900381128,
    "0.2968248934485018": 0.5456696017873571,
    "0.33616911713033915": 0.5986331975292417,
    "0.12654986967154447": 0.4474963858588514,
    "0.05580258773735242": 0.43514259429622815,
    "0.04024098434611086": 0.43356551452227626,
    "0.06546846647915404": 0.43816533052963597
}