{
    "0.0": 0.45159177256648764,
    "0.4040062427520752": 0.6617319533604088,
    "0.2406063862144947": 0.5147386348748854,
    "0.08759235823526978": 0.45250884318092494,
    "0.2992077716626227": 0.5545657015590201,
    "0.35182742588222027": 0.6118171099174636,
    "0.05114021568049882": 0.45434298440979953,
    "0.02919040304652834": 0.44661338923097077,
    "0.06787859164389069": 0.4557840953753439,
    "0.014800830699298526": 0.4477924800209616
}