{
    "0.0": 0.4452621895124195,
    "0.0828990787267685": 0.44079379681955577,
    "0.48083684081211686": 0.7729005125509265,
    "0.3187299072742462": 0.5710343014850835,
    "0.24890951765701175": 0.5012485214877119,
    "0.17908091517165303": 0.4643185701143383,
    "0.05574846746867156": 0.43514259429622815,
    "0.07012839416726598": 0.4365882507556841,
    "0.03715144242504025": 0.4313313181758444,
    "0.045479023924199974": 0.43422263109475623
}