{
    "0.0": 0.6144566592080942,
    "0.11505864560604095": 0.5885786555112364,
    "0.3363499315455556": 0.6946200992314427,
    "0.47124598268419504": 0.8105846872263839,
    "0.20234579546377063": 0.6010312287187469,
    "0.13554448541253805": 0.5843953691993384,
    "0.12531721359127143": 0.5852709407529916,
    "0.14291456044012624": 0.5844926549275221,
    "0.13044274958041935": 0.5822550831792976,
    "0.13902554019472924": 0.5842980834711547
}