{
    "0.0": 0.6541329525622719,
    "0.29534292221069336": 0.6108995716325559,
    "0.09164676116779447": 0.6177217198159607,
    "0.23541091475635767": 0.6113755354593051,
    "0.37766060372814536": 0.6722989052831985,
    "0.4911608253605664": 0.7932730445819451,
    "0.26840455517793527": 0.612168808503887,
    "0.1549362826417674": 0.6070918610185626,
    "0.13433238836110287": 0.5985245121370776,
    "0.14354754605971942": 0.6005076947485325
}