{
    "0.0": 0.5825642533802481,
    "0.21654485166072845": 0.6063525172605484,
    "0.6506889900192618": 0.9340374475028361,
    "0.8590375352650881": 0.9623506036567557,
    "0.28938413970172405": 0.6240583501164679,
    "0.462258193641901": 0.8105102060858782,
    "0.07325015367840369": 0.5719266558659659,
    "0.1245746146032364": 0.5647510032704655,
    "0.10048009891280739": 0.5714077238392874,
    "0.08838817751125977": 0.5759551027614117
}