{
    "0.0": 0.6144566592080942,
    "0.06672894954681396": 0.5935402276486039,
    "0.40842204354703426": 0.7486136783733827,
    "0.3334438377059996": 0.694230956318708,
    "0.17492565559223294": 0.5913999416285631,
    "0.23666041204705834": 0.6120245160035023,
    "0.13495636634433564": 0.5838116548302364,
    "0.12418628860355496": 0.5847845121120732,
    "0.14387320417005436": 0.5851736550248079,
    "0.12974504449738905": 0.5822550831792976
}