{
    "0.0": 0.7797459263631311,
    "0.5705622434616089": 0.99564778543943,
    "0.3713745502755046": 0.9818720620289424,
    "0.221349922940135": 0.8909178425855343,
    "0.9596000742167234": 1.0069747133209106,
    "0.7576759634539485": 1.0200735271908683,
    "0.15879590846627414": 0.8524029906172826,
    "0.0556104035204017": 0.7775131429667155,
    "0.018636449294460525": 0.7823499778351669,
    "0.03025099938132413": 0.7804596132814142
}