{
    "0.0": 0.8044584081388391,
    "0.2589397728443146": 0.8403650508677438,
    "0.24341688165441155": 0.8239078396169958,
    "0.04840957745909691": 0.8104428485936565,
    "0.43942070845514536": 0.9136744464392579,
    "0.37906159134581685": 0.8946738479952124,
    "0.1266030561335434": 0.7992220227408737,
    "0.11110715834903638": 0.8059545182525434,
    "0.1375992508390762": 0.8086475164572112,
    "0.15376959213659572": 0.8111909036505087
}