{
    "0.0": 0.8044584081388391,
    "0.13701847195625305": 0.8071514063435069,
    "0.4376204339787364": 0.9078396169958108,
    "0.3656937750056386": 0.8746259724715739,
    "0.05679866345599294": 0.8086475164572112,
    "0.08534760307520628": 0.7983243566726511,
    "0.10098572781949101": 0.7984739676840216,
    "0.24905802806802682": 0.8321364452423698,
    "0.07282587032432813": 0.7923399162178336,
    "0.040732022232295786": 0.8141831238779175
}