{
    "0.0": 1.0342862153630306,
    "0.15539050102233887": 1.0490178884601895,
    "0.37944989651441574": 1.0199052963872326,
    "0.3416597619652748": 1.0305156085584006,
    "0.0686498093418777": 0.9861452122062434,
    "0.05783261312171817": 0.9705366538056822,
    "0.029721821016267035": 0.9961417046650298,
    "0.05150610863023722": 0.9703612767450017,
    "0.4378560022262066": 0.9849175727814802,
    "0.46551275752457527": 0.9741318835496318,
    "0.49151946190388224": 0.9597509645738338
}