{
    "0.0": 0.4377268058883944,
    "0.5007285475730896": 0.5965080451900034,
    "0.3362314561381936": 0.4831906881205067,
    "0.12405942194163799": 0.4380006846970216,
    "0.7890419531613588": 0.8391646696336871,
    "0.9079654244706035": 0.9198904484765491,
    "0.08244378861107364": 0.43211229031153714,
    "0.10437018441070155": 0.43491954809996575,
    "0.05149544657251202": 0.4310167750770284,
    "0.14963959448261616": 0.4399863060595686
}