{
    "0.0": 0.43471413899349537,
    "0.10567743331193924": 0.43416638137624103,
    "0.33880217280238867": 0.4861348853132489,
    "0.45199718978255987": 0.5483053748716193,
    "0.24218787951394916": 0.458952413557001,
    "0.13168581947684288": 0.4377268058883944,
    "0.05369040143955263": 0.4301951386511469,
    "0.04065399262242299": 0.4325915782266347,
    "0.06561626398206558": 0.42998972954467646,
    "0.07270440592582644": 0.4288942143101678
}