{
    "0.0": 0.43567750112724946,
    "0.5924912095069885": 0.6659701620561881,
    "0.38122732378542423": 0.5068573014876442,
    "0.09413728024810553": 0.43239333573716804,
    "0.9303739927709103": 0.9289545714289602,
    "0.8143786173313856": 0.8397601626307829,
    "0.12858241240068935": 0.4367520030970352,
    "0.05855965737130288": 0.42741480194284154,
    "0.11146178326873213": 0.43268881483349236,
    "0.03409695410497512": 0.4345687469487193
}