{
    "0.0": 0.43813762410133517,
    "0.1768113225698471": 0.4436836699760356,
    "0.2740973415784538": 0.44922971585073607,
    "0.4479953106492758": 0.4809996576514892,
    "0.10069928271695971": 0.44032865457035264,
    "0.008212909568101168": 0.44032865457035264,
    "0.05352394125067911": 0.4395070181444711,
    "0.03508648091120615": 0.43895926052721673,
    "0.023000072839318455": 0.4406710030811366,
    "0.04428857520259249": 0.4380691543991784
}