{
    "0.0": 0.43813762410133517,
    "0.4059378206729889": 0.47319411160561453,
    "0.13008997915312648": 0.44758644299897293,
    "0.02319515123963356": 0.4406025333789798,
    "0.26303143706172705": 0.4464224580623074,
    "0.36084428057074547": 0.46353988360150633,
    "0.010503422999876047": 0.44128723040054774,
    "0.032188928306741804": 0.44026018486819585,
    "0.016283856100956496": 0.44156110920917496,
    "0.5": 0.5018144471071551
}