{
    "0.0": 0.504359197907585,
    "0.3214009404182434": 0.41368788142981694,
    "0.15052508749067783": 0.4272013949433304,
    "0.05940336920320988": 0.46556233653007845,
    "0.4842923767864704": 0.4237140366172624,
    "0.4027729481458664": 0.4149956408020924,
    "0.35706047137264363": 0.4106364428945074,
    "0.23354802431306307": 0.4184829991281604,
    "0.34426404691563567": 0.4106364428945074,
    "0.36314465236839205": 0.41238012205754143,
    "0.33546914012827683": 0.4110723626852659
}