{
    "0.0": 0.512163192679207,
    "0.9387173652648926": 0.6185815963396035,
    "0.15521328430622816": 0.4327232672428402,
    "0.27300706040114164": 0.4188287295938541,
    "0.5705573903396726": 0.4528794554595267,
    "0.697926857508719": 0.5042704626334519,
    "0.3448101922493556": 0.413060639439643,
    "0.3231716597212151": 0.41742854318477096,
    "0.3632784054685103": 0.41425958877026486,
    "0.3353963618832789": 0.41496709597243403,
    "0.38418573026185265": 0.41285092922103594
}