{
    "0.0": 0.5178727114210985,
    "0.49964505434036255": 0.43591979075850046,
    "0.12139485031366348": 0.46251089799476897,
    "0.21990608843043447": 0.44245858761987794,
    "0.34644730389118195": 0.42850915431560593,
    "0.29273736476898193": 0.4350479511769834,
    "0.39415872727741885": 0.43112467306015695,
    "0.36987801830476336": 0.43112467306015695,
    "0.3592362674023448": 0.42894507410636445,
    "0.38060651527639566": 0.43112467306015695,
    "0.4420228228928821": 0.43243243243243246
}