{
    "0.0": 0.5178727114210985,
    "0.41463640332221985": 0.42981691368788144,
    "0.1422921190969646": 0.45553618134263296,
    "0.010644189547747374": 0.5108979947689625,
    "0.30055701779201627": 0.43112467306015695,
    "0.3607487468980253": 0.4293809938971229,
    "0.5": 0.43591979075850046,
    "0.33814780834884967": 0.42894507410636445,
    "0.3802848530393468": 0.43112467306015695,
    "0.32202802990122914": 0.4293809938971229,
    "0.3509298377633377": 0.42763731473408895
}