{
    "0.0": 1.0983105679367362,
    "0.015487415716052055": 1.1195183321351545,
    "0.30974473617970943": 1.1412652767792955,
    "0.4832353312522173": 1.1216750539180447,
    "0.21497883880510926": 1.0744069015097053,
    "0.16508142976090312": 0.9920920201294033,
    "0.13953470742113205": 0.9796908698777858,
    "0.1270457266259002": 0.9493170381020848,
    "0.11240685760210732": 0.9660316319194824,
    "0.12032674602661567": 1.0001797268152408,
    "0.13290649789714132": 0.9777138749101366
}