{
    "0.0": 1.0983105679367362,
    "0.4471214711666107": 1.1371315600287564,
    "0.1164835961535573": 0.9917325664989216,
    "0.12599834986031055": 0.9586628324946082,
    "0.31210699398070574": 1.1529475197699497,
    "0.35155561147257686": 1.1498921639108555,
    "0.16626166337438486": 0.9708842559309849,
    "0.1473578292831879": 0.9809489575844716,
    "0.13800057046770342": 0.9809489575844716,
    "0.1554709939882069": 0.9647735442127966
}