{
    "0.0": 0.7905489429738852,
    "0.24319317936897278": 0.8617871735654645,
    "0.4378884588368237": 0.968022739385326,
    "0.3044635569676757": 0.9173920767454254,
    "0.014309823978692293": 0.7797122046544679,
    "0.0810128622688353": 0.7715402380529401,
    "0.059769541474423905": 0.766743648960739,
    "0.07045006997215761": 0.7647894830342867,
    "0.04905952757065578": 0.7782909930715936,
    "0.0908052134792236": 0.768520163439332,
    "0.0758975745163997": 0.7676319062000355
}