{
    "0.0": 0.7503090234857849,
    "0.20991569757461548": 0.8967174838621068,
    "0.3771768882870674": 1.0877626699629173,
    "0.2967129643075168": 1.0245845350913336,
    "0.1202203226275742": 0.7887652794945749,
    "0.010889993514865637": 0.7335530833676692,
    "0.03552445458035648": 0.7357505837110287,
    "0.024021066656063184": 0.7331410520532894,
    "0.043855846313687205": 0.7552533992583437,
    "0.018488486274353958": 0.7339651146820492
}