{
    "0.0": 0.7503090234857849,
    "0.3638964891433716": 1.0366707869798104,
    "0.17214137222617865": 0.8669138854552946,
    "0.06692054402083158": 0.7450899601703063,
    "0.37537494394928217": 1.0874879824199972,
    "0.45314987329766154": 1.0207389094904546,
    "0.03350247606967445": 0.7415190221123472,
    "0.04748895529865939": 0.7511330861145447,
    "0.01981151283378917": 0.734926521082269,
    "0.010434914452746738": 0.7319049581101497
}