{
    "0.0": 0.83193394806414,
    "0.9997857213020325": 1.1979102640628383,
    "0.3450139192864299": 1.1151801116839262,
    "0.17224807478487492": 0.8611806695730467,
    "0.545827092602849": 1.1603610379840532,
    "0.723050057888031": 1.0848534892635797,
    "0.11053805766582611": 0.8119787519487942,
    "0.03227991496730303": 0.8172560202634955,
    "0.07599075260004938": 0.7808015104182063,
    "0.06015396822525348": 0.8068328586144491,
    "0.08745225555181049": 0.7880142918329808
}