{
    "0.0": 0.7581376184590028,
    "0.37214091420173645": 1.0087900013734377,
    "0.11035338416695595": 0.7426177722840269,
    "0.20790523057803512": 0.8248866913885455,
    "0.4618831272237003": 1.0558989149842055,
    "0.39197556069120765": 1.0336492240076913,
    "0.06867929454951875": 0.7303941766240901,
    "0.057117248722938704": 0.7573135558302431,
    "0.08234530452734173": 0.7362999587968686,
    "0.04539987788167591": 0.746188710341986
}