{
    "0.0": 0.5049742710120069,
    "0.23680157959461212": 0.6429959977129789,
    "0.31357400259003043": 0.770611778158948,
    "0.38323568971827626": 0.8556889651229274,
    "0.057660937774926424": 0.4873642081189251,
    "0.07924666674807668": 0.48816466552315607,
    "0.042599952065640066": 0.47615780445969125,
    "0.06733849802317715": 0.49010863350485995,
    "0.05163461639151978": 0.4874785591766724,
    "0.0626081906265017": 0.4894225271583762
}