{
    "0.0": 0.415494555353902,
    "0.3099709451198578": 0.6618647912885662,
    "0.14921476086601615": 0.4283121597096189,
    "0.04405871033668518": 0.40347096188747733,
    "0.38354297634214163": 0.8117059891107078,
    "0.4440376074053347": 0.8848684210526315,
    "0.08711250615430795": 0.40415154264972775,
    "0.06830490108744079": 0.40165607985480944,
    "0.07741302976816013": 0.40868874773139746,
    "0.05826058090602758": 0.3989337568058076
}