{
    "0.0": 0.5049742710120069,
    "0.05434313043951988": 0.48907947398513435,
    "0.2570958505384624": 0.7024585477415666,
    "0.49281948199495673": 0.8831332189822756,
    "0.19557261746376753": 0.5842195540308748,
    "0.13063806435093284": 0.5034877072612922,
    "0.08517368508621422": 0.4771869639794168,
    "0.0710745830626053": 0.49193825042881645,
    "0.07755358331458044": 0.4882790165809034,
    "0.09293896088453843": 0.4817610062893082
}