{
    "0.0": 0.5558872701218056,
    "0.4762987196445465": 0.7186529734893718,
    "0.030332356691360474": 0.5333174110341533,
    "0.1701237722299993": 0.5132553140673514,
    "0.3344775000587106": 0.6044900883687605,
    "0.2921561850234866": 0.5735610222116073,
    "0.13386963283852074": 0.5132553140673514,
    "0.1458221057506362": 0.5077621208502507,
    "0.12371295937684738": 0.5138524002866014,
    "0.13973647871629166": 0.5068067828994507,
    "0.15404745910329642": 0.5121805588727012
}