{
    "0.0": 0.6614521136852162,
    "0.0278671495616436": 0.6314783854788631,
    "0.4776907986961305": 0.7317888703128732,
    "0.26382032269611955": 0.5669930737998568,
    "0.2456363458186388": 0.5526630045378552,
    "0.12675623828545213": 0.5570814425603057,
    "0.1900046153226777": 0.5311679006448531,
    "0.1955764800003102": 0.5385717697635538,
    "0.18346015560718068": 0.5290183902555529,
    "0.17823324207885624": 0.5259135419154526,
    "0.17372342743612873": 0.5482445665154049
}