{
    "0.0": 0.6614521136852162,
    "0.037420131266117096": 0.6415094339622641,
    "0.3287879405543208": 0.5992357296393599,
    "0.44943463196977973": 0.70002388344877,
    "0.1823889035731554": 0.5285407212801528,
    "0.23881084052845836": 0.5493193217100549,
    "0.15873074301452425": 0.5472892285646047,
    "0.19641447454790467": 0.5385717697635538,
    "0.2085592075575053": 0.5514688320993552,
    "0.172459279475283": 0.5524241700501552,
    "0.21702450040264218": 0.5458562216384046
}