{
    "0.0": 0.4983370288248337,
    "0.05199739709496498": 0.49390243902439024,
    "0.4729648190550506": 0.5532150776053215,
    "0.36276637576520443": 0.5194013303769401,
    "0.15829150285571814": 0.4950110864745011,
    "0.24765536841005087": 0.5072062084257206,
    "0.10052895952632854": 0.49445676274944567,
    "0.08104452623551237": 0.4950110864745011,
    "0.12240087102729573": 0.4883592017738359,
    "0.10982969122073313": 0.49390243902439024
}