{
    "0.0": 0.520509977827051,
    "0.7124485969543457": 0.7017738359201774,
    "0.2879325430840254": 0.5227272727272727,
    "0.04111940320581198": 0.5110864745011087,
    "0.9582552509382367": 0.8719512195121951,
    "0.7681456478312612": 0.7749445676274944,
    "0.1691764892320518": 0.5194013303769401,
    "0.11707987783247768": 0.5227272727272727,
    "0.41891757309844024": 0.5598669623059866,
    "0.20646381278871706": 0.5144124168514412
}