{
    "0.0": 0.5837702275496988,
    "0.7060499787330627": 0.7372473434982365,
    "0.4409229988232255": 0.6365851460862177,
    "0.244373282417655": 0.591413090825451,
    "0.9797493452206254": 0.928158248303521,
    "0.8121039271354675": 0.821232248430391,
    "0.11587146243603222": 0.5870579377402431,
    "0.06647119060411512": 0.582965194222041,
    "0.1500431518087627": 0.5949058531899685,
    "0.03676858972718404": 0.5750252163755378
}