{
    "0.0": 0.5260532150776053,
    "0.4667951464653015": 0.5825942350332595,
    "0.0188562641851604": 0.5232815964523282,
    "0.1980177634395659": 0.5227272727272727,
    "0.25435517402365804": 0.524390243902439,
    "0.3360502617433667": 0.5376940133037694,
    "0.12037479153276352": 0.529379157427938,
    "0.2216829018458339": 0.5238359201773836,
    "0.03947038911312278": 0.5177383592017738,
    "0.05767944455006423": 0.5188470066518847
}