{
    "0.0": 0.4983370288248337,
    "0.16961826384067535": 0.4983370288248337,
    "0.3670943616889417": 0.5221729490022173,
    "0.4417656995356083": 0.541019955654102,
    "0.029334165155887604": 0.49057649667405767,
    "0.07075629569590092": 0.4911308203991131,
    "0.08667097235384733": 0.4927937915742794,
    "0.25520410899066454": 0.5083148558758315,
    "0.05847748009895393": 0.4911308203991131,
    "0.07732193774507858": 0.4911308203991131
}