language,wer
cgg,0.8302755132423821
rwm,1.0165042111216442
koo,1.1210565218055923
lke,0.7990334621774446
bew,1.1235972987960583
lth,0.4416967659696558
hch,0.7489751443193391
ruc,0.8268444145731096
ttj,0.5307086927117586
ukv,0.6245747570856945
pne,0.5693357057820562
top,7.313472606479645
aln,0.863008013070113
meh,0.8361276701299707
mmc,0.838577031404871
led,0.46236841353216396
el-CY,0.8400718016038378
kcn,1.0494262927724185
tob,1.0464170558078378
sco,0.982118958847783
bxk,0.807514984014838
