{
    "0.0": 0.7060396328015286,
    "0.4004954397678375": 0.7164206380701369,
    "0.5495531987398863": 0.7582808732760441,
    "0.9405734399333596": 0.9376863678773191,
    "0.1049834368750453": 0.6964061241574865,
    "0.22344164084643126": 0.6785746065599481,
    "0.186598838781528": 0.6760005528611968,
    "0.24372915166832076": 0.6831317285301449,
    "0.20632945983622192": 0.6780270733242796,
    "0.2142116535042201": 0.6803667084537898,
    "0.1991798752350376": 0.683423907351884
}