{
    "0.0": 0.546052126792308,
    "0.9214962124824524": 0.9461054491832438,
    "0.4128869166597724": 0.7480570704890946,
    "0.027306508272886276": 0.5359711432407807,
    "0.5181936835870147": 0.8160473694650432,
    "0.7331442330032587": 0.902978261248654,
    "0.009542623396979874": 0.5400988466887259
}