{
    "0.0": 0.7719156994341626,
    "0.5857861638069153": 1.1284924666497254,
    "0.1847696816548705": 0.7589631763913739,
    "0.4654541276395321": 1.1108368256088172,
    "0.8030246421694756": 1.2340256645480956,
    "0.9038303382694721": 1.2583558163580848,
    "0.058275782681181366": 0.7460894033620794,
    "0.11401220001687572": 0.7802748811625803,
    "0.08678005959788011": 0.7540711947755973,
    "0.13320370149938981": 0.7064529391311777
}