{
    "0.0": 0.6888619854721549,
    "0.14518973231315613": 0.6721549636803874,
    "0.48183960281312466": 0.7984261501210653,
    "0.2965151653625071": 0.7292978208232446,
    "0.08439030544832349": 0.6818401937046005,
    "0.03387471428140998": 0.6928571428571428,
    "0.1277125531167602": 0.6690072639225182,
    "0.157420228499646": 0.6763922518159806,
    "0.1362461949968356": 0.6690072639225182,
    "0.11972325639951663": 0.6673123486682808,
    "0.389384290400796": 0.7412832929782083
}