{
    "0.0": 0.900038301763721,
    "0.8984183669090271": 1.220514683852354,
    "0.2970490176230669": 1.1503977974857793,
    "0.17460297513753176": 1.0548960194141277,
    "0.5206164456903934": 1.188818947379176,
    "0.6300880219787359": 1.228296990856851,
    "0.10836737672616423": 0.921078478250815,
    "0.06080772560558391": 0.884793257054114,
    "0.020528305297623787": 0.8870756799209141,
    "0.0453049430577277": 0.8935296945610192
}