{
    "0.0": 0.4372775891940268,
    "0.3057976961135864": 0.5314675000787652,
    "0.519411544315517": 0.8113831165147612,
    "0.8039948418736458": 0.9522145035581386,
    "0.02884666435420513": 0.42902373132073185,
    "0.20186069887131453": 0.46060855511316556,
    "0.0999221135455399": 0.432079446565876,
    "0.07387339189652012": 0.4298252936907487,
    "0.05689039129081216": 0.4268260935807793,
    "0.06595962260161997": 0.4291591989525254
}