{
    "0.0": 0.8135645019136192,
    "0.26348352432250977": 0.8170842855793076,
    "0.5032687075436115": 1.1362515408644942,
    "0.8385785929858685": 1.3862954427254093,
    "0.0821613147854805": 0.766112250439493,
    "0.18326368276029825": 0.7304780941103598,
    "0.1388986056007209": 0.7573854510577137,
    "0.122738116900001": 0.7489613991667723,
    "0.155142650780064": 0.7233018080046988,
    "1.0": 1.37212318347119
}