{
    "0.0": 0.851479330247246,
    "0.3924543559551239": 0.9915733741420083,
    "0.5388412307947874": 1.083929956170959,
    "0.9839020892977715": 1.2389670868846847,
    "0.08751851599663496": 0.7705505326891962,
    "0.15463446639478207": 0.8230920444895728,
    "0.11713040342731047": 0.771134411195451,
    "0.1026862354436492": 0.7597455871222344,
    "0.7531078931457904": 1.1766771163806806,
    "0.13174689985050936": 0.7995801966716034
}