{
    "0.0": 0.40756028156294427,
    "0.5044182538986206": 1.0570139856024663,
    "0.32927365228533745": 0.7195469982383969,
    "0.13400390278548002": 0.41877793549040604,
    "0.9654062492772937": 1.2648819174085784,
    "0.7822046605870128": 1.250953734382479,
    "0.060446410885272105": 0.3990505271011392,
    "0.03561263028232798": 0.39773018932928556,
    "0.07562746807054237": 0.4058588411280994,
    "0.04927145865169322": 0.39767249670303967
}