{
    "0.0": 0.5833522883246612,
    "0.6004873514175415": 0.7945883362592215,
    "0.33213784638792276": 0.6089612673313033,
    "0.1755604511126876": 0.5197786024352611,
    "0.876204626634717": 0.959136659039482,
    "0.7679571900516748": 0.8981370387603735,
    "0.13345969298827723": 0.5366875511253518,
    "0.15306788679211078": 0.5164631571232365,
    "0.1433815474571004": 0.5110600217060395,
    "0.12152139333573483": 0.51914519909094
}