{
    "0.0": 0.8064087250295271,
    "0.8587612509727478": 1.0753144056473278,
    "0.41320205200463533": 1.0229182015865124,
    "0.12229230161756277": 0.8165689683333115,
    "0.6772283921018243": 1.0595179230505987,
    "0.5065761525183916": 1.0408195243583653,
    "0.048248797174960514": 0.8004010006820625,
    "0.02950348737854412": 0.8000218791870347,
    "0.060831087703979686": 0.7991097507834289,
    "0.04022445861816864": 0.7991001003675986
}