{
    "0.0": 0.7476017958126454,
    "0.36067435145378113": 0.7516639235501927,
    "0.5104444175958633": 0.743301483346074,
    "0.8360454309731722": 0.8667716864400984,
    "0.0351300872862339": 0.7289486608163576,
    "0.13146635610610247": 0.7461119396584038,
    "0.6116169624158667": 0.7597846049464655,
    "0.07259185364492979": 0.7324725874485363,
    "0.048954670036133": 0.7399853383550964,
    "0.19985547391069788": 0.811918713065216
}