{
    "0.0": 0.50237754650519,
    "0.49519142508506775": 0.7896314515461043,
    "0.9743899097666144": 0.9687949030660512,
    "0.678347853012383": 0.8794702255616154,
    "0.16451197303831577": 0.4991418555429129,
    "0.11555934976786375": 0.4907650087408395,
    "1.1102230246251565e-16": 0.50237754650519,
    "0.07271590697373234": 0.4928903024635653,
    "0.09250952408374885": 0.4941494138624048,
    "0.05510901543857735": 0.4955610812483925,
    "0.08315772376269427": 0.4921068420501955
}