{
    "0.0": 0.8562611059031692,
    "0.09683895856142044": 0.7851525884295308,
    "0.9638144103810191": 1.0080158364808185,
    "0.5885398481041193": 0.8026610659422647,
    "0.47211399860680103": 0.7679375684884987,
    "0.3432266768068075": 0.766175432464685,
    "0.40114927275996726": 0.7503428731904251,
    "0.24005500299416335": 0.7662201430691602,
    "0.436308948870678": 0.748595506723378,
    "0.1726632502647302": 0.7694862461219703
}