{
    "0.0": 0.8607518103896706,
    "0.22397102415561676": 1.1046533840007646,
    "0.8365868926048279": 1.4069974733696238,
    "0.6075610248371959": 1.386707808087933,
    "0.45687459874898195": 1.4034729681248916,
    "0.3022655360400677": 1.2270536358646187,
    "0.12405957460419341": 0.8840223770090592,
    "0.042493291311911034": 0.8438641888338774,
    "0.025788776980740117": 0.8446203940128385,
    "0.05441153118151438": 0.8137858425022934
}