{
    "0.0": 0.6854919526092442,
    "0.33292150497436523": 0.6577741877127181,
    "0.8496076921001077": 0.9042670167106494,
    "0.5310805458575487": 0.745295062854293,
    "0.04567438643425703": 0.678936193671036,
    "0.1281832754611969": 0.6442714090945604,
    "0.2191909485770129": 0.6167219920503098,
    "0.24267291877462158": 0.6220552701704708,
    "0.20143445436788285": 0.6119972161257401,
    "0.21093589471308438": 0.610290153299781,
    "0.227324696421941": 0.6167027522886843
}