{
    "0.0": 0.8523995294545219,
    "0.7107348442077637": 0.9385927989181048,
    "0.17156520672142506": 0.8360962625386492,
    "0.32605256140232086": 0.8523668380587619,
    "0.8022635485976934": 0.9734704258114045,
    "0.8882480217143893": 1.0079608285196275,
    "0.2191030328709985": 0.8412526975835476,
    "0.13808748324712056": 0.8287962630054122,
    "0.11710001205757978": 0.8272421305379023,
    "0.15174521531302362": 0.8282047208387678
}