{
    "0.0": 0.9000409198804217,
    "0.22340726852416992": 0.8622583271253572,
    "0.6597539996728301": 1.0843847966289266,
    "0.7507736189290881": 1.0795054495887197,
    "0.3199181314557791": 0.951092320173173,
    "0.3953862451016903": 1.0003838129845608,
    "0.03488930912192053": 0.8824243778914235,
    "0.14180326744938318": 0.8564823429555034,
    "0.12566121114250087": 0.856512626782397,
    "0.15515734699049857": 0.8510997587816462,
    "1.0": 1.175659091359484
}