{
    "0.0": 0.653470425480844,
    "0.9539608955383301": 1.056741855937412,
    "0.38639037124812603": 0.8022956017285724,
    "0.20240946859121323": 0.664712608267836,
    "0.6447397321462631": 1.0015117396894089,
    "0.5641478076577187": 0.9609786104853412,
    "0.08483181803290975": 0.6447981019943033,
    "0.05920952393438674": 0.645359687232267,
    "0.10149242424059185": 0.6447067356803665,
    "0.073939832395239": 0.6444285978123337
}