{
    "0.0": 0.6666538958635924,
    "0.9854410886764526": 0.9896957257204014,
    "0.3166024535894394": 0.6858808516698902,
    "0.1578748980537057": 0.6793210480160881,
    "0.5200726678594947": 0.7720097726808511,
    "0.7401348566636443": 0.8976018838143246,
    "0.22192767694370513": 0.7900201038411726,
    "0.07873178712381276": 0.6885204480827204,
    "0.11844877677975166": 0.6851173243347531,
    "0.037944925511445786": 0.6956721547015428
}