{
    "0.0": 0.9123090544701674,
    "0.6611237525939941": 1.007376708905911,
    "0.07773276884108782": 0.8605566077652234,
    "0.2554603284224868": 0.8796747896484437,
    "0.9833520501852036": 1.0340051257323164,
    "0.7666648840531707": 1.0035228035131112,
    "0.13747878478554326": 0.8768971416574306,
    "0.1744684779042044": 0.8638668387021652,
    "0.1558817920436369": 0.8575881554492655,
    "0.19577211206514109": 0.8664021709858021
}