{
    "0.0": 0.47994985694521897,
    "0.7640067934989929": 1.1419818019467478,
    "0.05491993390023708": 0.4791288534198731,
    "0.2862532241269946": 0.8182978824459447,
    "0.5189998876303434": 1.1160763694921654,
    "0.6319979028776288": 1.10049783760271,
    "0.027784818873921202": 0.47160913312663416,
    "0.041364818107222694": 0.47822983820852744,
    "0.015335825329186866": 0.47164121461235226,
    "0.06457729453966628": 0.48542935547275734
}