{
    "0.0": 0.860526386094465,
    "0.046078406274318695": 0.9817082705346494,
    "0.7698550159111619": 1.0591809719399177,
    "0.503837987780571": 0.8159435181438768,
    "0.3052593758329749": 0.7211312265983769,
    "0.4571413518860936": 0.8453250985922022,
    "0.24864975885948146": 0.7032354695777483,
    "1.0": 1.1208154011755775,
    "0.2701538197726331": 0.7077018381294721,
    "0.612027347222322": 0.9562495992650575,
    "0.20086468411001582": 0.7143690184497224
}