{
    "0.0": 0.418352941221874,
    "0.4321688413619995": 0.6042559542295898,
    "0.6841773856431246": 0.783169893459867,
    "0.9506720174103975": 0.8887885668001899,
    "0.19866348337382078": 0.47725779484169467,
    "0.08423514571040869": 0.4204604526726609,
    "0.03159831382177616": 0.415968155636803,
    "0.013551676634239495": 0.4172362360934022
}