{
    "0.0": 0.7716282033854172,
    "0.5852493047714233": 0.7947479986697504,
    "0.23124166298657656": 0.629432125737209,
    "0.3251815866678953": 0.6314398287893551,
    "0.9916893970221281": 0.9700156379137962,
    "0.7857136130332947": 0.9070298133691699,
    "0.01950110900630601": 0.7462224643038706,
    "0.2730889062690336": 0.633375605871054,
    "0.25549591428003027": 0.6370786059987801,
    "0.29049897442854405": 0.6224768319601023,
    "0.30123499594638264": 0.6298304604992584
}