{
    "0.0": 0.9227581218664854,
    "0.7904902696609497": 1.0624824847020176,
    "0.40009900368750095": 0.9650772653300604,
    "0.13745130505412817": 0.8443354187429125,
    "0.5586158912628889": 1.0073252541507842,
    "0.7448434541001916": 1.0644489717899719,
    "0.17896559415107408": 0.8407105643397992,
    "0.1588065454594033": 0.8246844996745715,
    "1.0": 1.1395789596563028,
    "0.1942101196050206": 0.8459918866200323
}