{
    "0.0": 0.4890039906243763,
    "0.5144274234771729": 0.5437374933297654,
    "0.27449193876236677": 0.4562757896709491,
    "0.08792707696557045": 0.4612972562668841,
    "0.8260343680158257": 0.6818774318845146,
    "0.8798851929605007": 0.7023111424578093,
    "0.18939244630448948": 0.46892868537929344,
    "0.21655863759353183": 0.45627531357128587,
    "0.1673943501339807": 0.4582208624801773,
    "0.23427534295732808": 0.45792948654263393
}