{
    "0.0": 0.5092569056092188,
    "0.8715023398399353": 0.5588099474665311,
    "0.0982964625582099": 0.4553818561825679,
    "0.4042853843420744": 0.4173833531039937,
    "0.6300666844472289": 0.44539767271083996,
    "0.5925160329788923": 0.4359649494435971,
    "0.44118496105678473": 0.4138966559340225,
    "0.4591568923707743": 0.41016000112975204,
    "0.47362300383033273": 0.4124985878099757,
    "0.46582303761421423": 0.41235030785742527,
    "0.4519605586208697": 0.4121469524939275
}