{
    "0.0": 0.9365509756044642,
    "0.7062009572982788": 1.062668167218043,
    "0.3294421620666981": 0.8309361506648224,
    "0.09094245545566082": 0.8229802803379598,
    "0.9681362388655543": 1.3507368469319856,
    "0.8394035408273339": 1.3150512616267935,
    "0.4813000880835855": 0.9500183804446044,
    "0.20696613386943719": 0.8246766218538815,
    "0.14727392878760834": 0.8489086093127294,
    "0.26466405283497285": 0.8969888014932248
}