{
    "0.0": 0.8219375028566401,
    "0.2178405374288559": 0.8608829682402694,
    "0.8195002637803555": 1.067554474797617,
    "0.6286863796412945": 1.0502427841551099,
    "0.27733173314481974": 0.8998470994572878,
    "0.40053493063896894": 0.9982282561892092,
    "0.11349951178387944": 0.8357735908747388,
    "0.06168824145898051": 0.8237732426286665,
    "0.03378863811999887": 0.782621911806496,
    "0.01750241688939741": 0.8089623448061352
}