{
    "0.0": 0.4873015835363258,
    "0.9172916412353516": 0.9331449503989494,
    "0.3872751463204622": 0.5732312554301477,
    "0.2313528023660183": 0.49302030267037117,
    "0.6984592089429498": 0.839925312468291,
    "0.605210923589766": 0.8050669004006228,
    "0.04925014396079754": 0.46433182934784223,
    "0.12273122633807622": 0.4625899989302897,
    "0.09520324154261994": 0.47129017085215524,
    "0.14169834408961218": 0.4546969318595454
}