{
    "0.0": 0.6292574442421001,
    "0.8081233501434326": 0.8736020568315223,
    "0.10504855308681726": 0.5342307218337438,
    "0.42527959682047367": 0.5930861172045797,
    "0.7220803750678897": 0.8159918573289688,
    "0.6017135232686996": 0.7246889510868347,
    "0.2027004581116472": 0.5213534828435665,
    "0.1741601264490079": 0.5230129642936429,
    "0.21747168162981642": 0.5187371791557491,
    "0.190198245157332": 0.5276550694268323,
    "0.20971276785465182": 0.5203289569474233
}