{
    "0.0": 0.6236301940410062,
    "0.8735910654067993": 0.907157870311002,
    "0.20445758756250143": 0.6222655473137731,
    "0.4347468791529536": 0.6399640288530499,
    "0.5185460159555078": 0.6728999773831876,
    "0.6776364091783762": 0.7236940582945585,
    "0.10777845157671981": 0.6029204651293244,
    "0.06949999129645554": 0.6074414192882877,
    "0.14255016966578468": 0.6025765136797525,
    "0.1703244139727789": 0.6057231201890645
}