{
    "0.0": 0.7041779847367741,
    "0.17305207252502441": 0.6567714396585177,
    "0.5238864235579967": 0.7341223645065321,
    "0.9267438929527998": 0.9124951493985254,
    "0.27904282975941896": 0.6625274867416893,
    "0.44800045620650053": 0.7099340318199456,
    "0.21428602138025094": 0.6599404992885785,
    "0.19746629799259566": 0.6626568361143449,
    "0.23209895573300485": 0.6604578967792006,
    "0.2220752575940534": 0.6612986677014616
}