{
    "0.0": 0.7821153219676403,
    "0.7359408736228943": 0.8814746443696384,
    "0.45678001269698143": 0.7734281680964274,
    "0.1612098217010498": 0.6835704202410685,
    "0.8820206094533205": 0.9186122271690738,
    "0.8337857704609632": 0.9046041915517429,
    "0.22733527060277317": 0.686610924095993,
    "0.20135699370658527": 0.6780866543598654,
    "0.2136298919579778": 0.6855250298620914,
    "0.18799318881822863": 0.7084373981974156
}