{
    "0.0": 0.7523016997167139,
    "0.2617935240268707": 0.9148371104815864,
    "0.7507608411833644": 1.1926345609065157,
    "0.6912008887156844": 1.24592776203966,
    "0.202265745960176": 0.8075424929178471,
    "0.0971905617043376": 0.7163597733711048,
    "0.07285947436729924": 0.7492917847025495,
    "1.0": 1.2701841359773371,
    "0.05070593697722925": 0.751770538243626,
    "0.08522600464449585": 0.7402620396600567
}