{
    "0.0": 0.7047764227642277,
    "0.41346073150634766": 0.811229674796748,
    "0.8850541422143579": 1.1186483739837398,
    "0.6463659573346376": 0.9427083333333334,
    "0.18045581132173538": 0.6552337398373984,
    "0.03929191455245018": 0.6740345528455285,
    "0.12290227875743998": 0.6492632113821138,
    "0.14523021353425306": 0.6581554878048781,
    "0.10277316908206044": 0.6435467479674797,
    "0.13259587559216038": 0.6417682926829268,
    "0.11444017998223227": 0.6502794715447154
}