{
    "0.0": 0.7521563105087132,
    "0.11510401219129562": 0.7144868861116,
    "0.7784164668992162": 1.1406442527723992,
    "0.6629955423995852": 1.1033268790705861,
    "0.4513422669842839": 0.9387431790177786,
    "0.2745880950242281": 0.7808484421756733,
    "0.09366790305638074": 0.7136067593733497,
    "0.1284173765590945": 0.7150149621545503,
    "0.10656491640262741": 0.7155430381975004,
    "0.12127802469480277": 0.7155430381975004
}