{
    "0.0": 0.6521606040508138,
    "0.9239987730979919": 1.028901586653742,
    "0.4839712493121624": 1.0036987908780164,
    "0.15148246940225363": 0.7027957757257283,
    "0.6939875409007072": 1.020356104280394,
    "0.5414210529997945": 1.0093107494515585,
    "0.009428894186719161": 0.6479771440232641,
    "0.039667685084563566": 0.642416203254936,
    "0.025497933774403982": 0.642747818988827,
    "0.04881116980477297": 0.6430794347227182
}