{
    "0.0": 0.7198547215496368,
    "0.9831582307815552": 1.1020581113801453,
    "0.2578932261094451": 0.6935835351089589,
    "0.1112251253798604": 0.6669491525423729,
    "0.6476471712812781": 0.9576271186440678,
    "0.5613080328330398": 0.8613801452784504,
    "0.17766284480469752": 0.6612590799031477,
    "0.20485607426754404": 0.6662227602905569,
    "0.1533991709961255": 0.6962469733656175,
    "0.22342526621234102": 0.6843825665859564
}