{
    "0.0": 0.8728028728028728,
    "0.7572125792503357": 1.195048195048195,
    "0.1620064117014408": 0.9954639954639954,
    "0.3894316777586937": 1.1557361557361558,
    "0.5432151174172759": 1.24003024003024,
    "0.7213278636336327": 1.1814401814401814,
    "0.05725943995100375": 0.8883008883008883,
    "1.0": 1.2235872235872236,
    "0.02036860464540441": 0.8652428652428652,
    "0.009322381362913145": 0.8641088641088641
}