{
    "0.0": 0.4437311672998821,
    "0.3800559341907501": 0.6515131665138215,
    "0.9113961374387145": 0.9680335385824709,
    "0.5983976367861032": 0.8313900170313114,
    "0.06705565471202135": 0.46731298309969865,
    "0.2066974090412259": 0.4878815668806498,
    "0.03335228123119089": 0.435608541857723,
    "0.01725555355758394": 0.4411109655443469,
    "0.04822011413138816": 0.4652168216952705
}