{
    "0.0": 0.7039504997620181,
    "0.7172122001647949": 0.9231318419800095,
    "0.21933092549443245": 0.6168491194669206,
    "0.30363081954419613": 0.63049341583373,
    "0.7579282252117991": 0.9307472632079962,
    "0.9538611518219113": 0.9674758051721403,
    "0.25050704659271616": 0.6097889893701413,
    "0.19760401299536925": 0.6101062985879739,
    "0.23243622171853184": 0.6062985879739806,
    "0.20899848299406162": 0.6143106457242583
}