{
    "0.0": 1.0767274640477025,
    "0.8578541874885559": 0.9877236057523676,
    "0.1458611572161317": 1.1251315327955103,
    "0.4528694711625576": 0.9840406874780778,
    "0.551334255374968": 0.9953525078919677,
    "0.7149738185107708": 0.9839529989477377,
    "0.38199821601474143": 1.0316555594528236,
    "1.0": 0.9944756225885654,
    "0.620766299487596": 0.9673798667134339,
    "0.6606172585953481": 0.9800947036127674,
    "0.761424509611208": 0.9886004910557699
}