{
    "0.0": 0.504359197907585,
    "0.4166575074195862": 0.4167393199651264,
    "0.5236435839906335": 0.4337401918047079,
    "0.9513117261230946": 0.6403661726242371,
    "0.12180679477751255": 0.43591979075850046,
    "0.15728101693093777": 0.42763731473408895,
    "0.37845516558765485": 0.4115082824760244,
    "0.3157119270424273": 0.41238012205754143,
    "0.3371654197657748": 0.4110723626852659,
    "0.32705782278875944": 0.41238012205754143,
    "0.3474064944557828": 0.4106364428945074
}