{
    "0.0": 0.8139989340913129,
    "0.06868931651115417": 0.8108012080298455,
    "0.6171857761219144": 1.2046544679339137,
    "0.9112285394221544": 1.2650559602060756,
    "0.3952061263844371": 1.047965890922011,
    "0.25922877714037895": 0.9278735121691242,
    "0.02924457478936944": 0.7836205365073725,
    "0.011679132357763005": 0.8042281044590514,
    "0.044636289779900105": 0.7795345532066086
}