{
    "0.0": 0.761159181431122,
    "0.9780756235122681": 1.1334981458590854,
    "0.06959941890090704": 0.7508583985716247,
    "0.44085384439677": 1.1253948633429474,
    "0.6070805741474032": 1.07677516824612,
    "0.7246619891375303": 1.0733415739596208,
    "0.038328174223832626": 0.7492102733141052,
    "0.052096192943070684": 0.7794259030352974,
    "0.020744436357156698": 0.7519571487433044,
    "0.09021359898297071": 0.7438538662271666
}