{
    "0.0": 0.43171506352087113,
    "0.46031102538108826": 1.0296052631578947,
    "0.9922951180487871": 1.2471642468239565,
    "0.562836667522788": 1.1620916515426498,
    "0.10851933248341084": 0.41787658802177857,
    "0.20470640622079372": 0.5034029038112523,
    "0.06555988943223474": 0.4186705989110708,
    "0.08290171175898751": 0.41186479128856623,
    "0.04783855656236295": 0.41708257713248637,
    "0.0747369950993299": 0.4246823956442831
}