{
    "0.0": 0.5783377119656078,
    "0.32961317896842957": 0.6172677334607117,
    "0.9621152449399233": 1.0520659183186052,
    "0.7274221777915955": 0.9395748746118939,
    "0.09407038893550634": 0.5339144972534033,
    "0.2076834747567773": 0.530331979937903,
    "0.14253600828052593": 0.5087174588010509,
    "0.15869328133395003": 0.509672796751851,
    "0.12953162459667739": 0.5136135657989014,
    "0.1688347990328796": 0.5168378313828517
}